"","word","freq","prob"
"will","will",6209,0.00901259208186668
"just","just",6111,0.00887034147403564
"said","said",6085,0.00883260151685597
"one","one",6013,0.00872809086620459
"like","like",5454,0.00791668178684182
"can","can",5026,0.00729542403019197
"get","get",4459,0.00647240265631237
"time","time",4337,0.00629531516493087
"new","new",3944,0.0057248611967921
"now","now",3577,0.005192147185833
"good","good",3544,0.00514424647095112
"dont","dont",3500,0.00508037885110861
"day","day",3493,0.00507021809340639
"know","know",3300,0.00479007148818812
"love","love",3281,0.00476249228871067
"people","people",3191,0.00463185397539645
"back","back",2804,0.0040701092281453
"see","see",2764,0.0040120477555612
"first","first",2676,0.00388431251587618
"make","make",2596,0.00376818957070799
"also","also",2587,0.00375512573937656
"last","last",2546,0.00369561272997786
"well","well",2533,0.00367674275138803
"think","think",2466,0.00357948978480967
"great","great",2430,0.00352723445948398
"going","going",2417,0.00350836448089415
"year","year",2389,0.00346772145008528
"much","much",2386,0.00346336683964147
"way","way",2263,0.00328482781144537
"really","really",2256,0.00327466705374315
"two","two",2252,0.00326886090648474
"want","want",2170,0.00314983488768734
"even","even",2148,0.00311790107776608
"today","today",2131,0.00309322495191784
"got","got",2108,0.00305983960518199
"right","right",2077,0.00301484196392931
"still","still",2073,0.0030090358166709
"work","work",2067,0.00300032659578329
"years","years",2062,0.00299306891171027
"need","need",1976,0.00286823674565446
"thanks","thanks",1919,0.00278549914722212
"thats","thats",1802,0.00261566933991363
"take","take",1741,0.00252712559422288
"cant","cant",1740,0.00252567405740828
"life","life",1739,0.00252422252059368
"many","many",1739,0.00252422252059368
"made","made",1731,0.00251261022607686
"say","say",1726,0.00250535254200385
"little","little",1648,0.00239213267046485
"come","come",1642,0.00238342344957724
"never","never",1619,0.00235003810284138
"home","home",1611,0.00233842580832456
"best","best",1576,0.00228762201981348
"may","may",1571,0.00228036433574047
"next","next",1535,0.00222810901041478
"week","week",1473,0.00213811372790942
"night","night",1469,0.00213230758065101
"school","school",1446,0.00209892223391516
"game","game",1437,0.00208585840258374
"things","things",1432,0.00207860071851072
"something","something",1428,0.00207279457125231
"lol","lol",1421,0.0020626338135501
"didnt","didnt",1380,0.0020031208041514
"always","always",1372,0.00199150850963458
"world","world",1345,0.00195231701564031
"every","every",1329,0.00192909242660667
"around","around",1320,0.00191602859527525
"happy","happy",1319,0.00191457705846065
"better","better",1315,0.00190877091120224
"youre","youre",1313,0.00190586783757303
"big","big",1293,0.00187683710128098
"ive","ive",1279,0.00185651558587655
"state","state",1276,0.00185216097543274
"show","show",1254,0.00182022716551149
"long","long",1241,0.00180135718692165
"another","another",1240,0.00179990565010705
"look","look",1238,0.00179700257647785
"man","man",1228,0.00178248720833182
"feel","feel",1217,0.00176652030337119
"follow","follow",1198,0.00173894110389375
"three","three",1188,0.00172442573574772
"help","help",1163,0.00168813731538266
"hope","hope",1157,0.00167942809449505
"find","find",1138,0.0016518488950176
"sure","sure",1124,0.00163152737961317
"city","city",1119,0.00162426969554015
"since","since",1115,0.00161846354828174
"thing","thing",1098,0.0015937874224335
"keep","keep",1090,0.00158217512791668
"use","use",1088,0.00157927205428748
"team","team",1084,0.00157346590702907
"days","days",1074,0.00155895053888304
"house","house",1073,0.00155749900206844
"place","place",1064,0.00154443517073702
"lot","lot",1049,0.00152266211851798
"says","says",1045,0.00151685597125957
"getting","getting",1030,0.00149508291904053
"ill","ill",1010,0.00146605218274848
"family","family",1005,0.00145879449867547
"put","put",1003,0.00145589142504627
"end","end",986,0.00143121529919803
"thank","thank",986,0.00143121529919803
"play","play",978,0.00141960300468121
"though","though",977,0.0014181514678666
"looking","looking",969,0.00140653917334978
"ever","ever",967,0.00140363609972058
"give","give",967,0.00140363609972058
"old","old",967,0.00140363609972058
"part","part",950,0.00137895997387234
"start","start",947,0.00137460536342853
"tonight","tonight",947,0.00137460536342853
"let","let",943,0.00136879921617012
"away","away",940,0.00136444460572631
"might","might",936,0.0013586384584679
"morning","morning",935,0.0013571869216533
"season","season",930,0.00134992923758029
"hes","hes",921,0.00133686540624887
"please","please",903,0.00131073774358602
"done","done",898,0.00130348005951301
"used","used",898,0.00130348005951301
"without","without",895,0.0012991254490692
"book","book",890,0.00129186776499619
"doesnt","doesnt",882,0.00128025547047937
"high","high",882,0.00128025547047937
"call","call",876,0.00127154624959176
"free","free",876,0.00127154624959176
"money","money",874,0.00126864317596255
"found","found",866,0.00125703088144573
"everyone","everyone",865,0.00125557934463113
"thought","thought",865,0.00125557934463113
"fun","fun",857,0.00124396705011431
"friends","friends",856,0.00124251551329971
"left","left",855,0.0012410639764851
"making","making",855,0.0012410639764851
"yes","yes",853,0.0012381609028559
"told","told",852,0.0012367093660413
"someone","someone",848,0.00123090321878289
"god","god",844,0.00122509707152448
"live","live",840,0.00121929092426607
"hard","hard",834,0.00121058170337845
"went","went",830,0.00120477555612004
"already","already",829,0.00120332401930544
"enough","enough",815,0.00118300250390101
"tell","tell",814,0.0011815509670864
"bad","bad",812,0.0011786478934572
"came","came",811,0.0011771963566426
"percent","percent",806,0.00116993867256958
"million","million",801,0.00116268098849657
"pretty","pretty",799,0.00115977791486737
"times","times",798,0.00115832637805276
"yet","yet",790,0.00114671408353594
"real","real",789,0.00114526254672134
"music","music",787,0.00114235947309214
"actually","actually",766,0.00111187719998548
"public","public",765,0.00111042566317088
"food","food",763,0.00110752258954168
"second","second",760,0.00110316797909787
"must","must",759,0.00110171644228327
"set","set",759,0.00110171644228327
"wait","wait",758,0.00110026490546866
"weekend","weekend",752,0.00109155568458105
"read","read",749,0.00108720107413724
"run","run",748,0.00108574953732264
"job","job",742,0.00107704031643503
"working","working",741,0.00107558877962042
"least","least",740,0.00107413724280582
"top","top",739,0.00107268570599122
"trying","trying",735,0.00106687955873281
"stop","stop",729,0.00105817033784519
"theres","theres",723,0.00104946111695758
"anything","anything",721,0.00104655804332837
"coming","coming",716,0.00103930035925536
"try","try",714,0.00103639728562616
"makes","makes",711,0.00103204267518235
"twitter","twitter",707,0.00102623652792394
"nice","nice",705,0.00102333345429473
"nothing","nothing",705,0.00102333345429473
"maybe","maybe",702,0.00101897884385093
"soon","soon",701,0.00101752730703632
"four","four",700,0.00101607577022172
"business","business",699,0.00101462423340712
"point","point",699,0.00101462423340712
"friday","friday",698,0.00101317269659252
"person","person",696,0.00101026962296331
"open","open",693,0.0010059150125195
"change","change",686,0.000995754254817288
"kids","kids",684,0.000992851181188083
"later","later",683,0.00099139964437348
"early","early",681,0.000988496570744276
"ago","ago",680,0.000987045033929673
"county","county",680,0.000987045033929673
"took","took",680,0.000987045033929673
"room","room",679,0.000985593497115071
"water","water",675,0.000979787349856661
"win","win",674,0.000978335813042058
"different","different",669,0.000971078128969046
"police","police",669,0.000971078128969046
"check","check",667,0.000968175055339841
"story","story",662,0.000960917371266829
"course","course",659,0.000956562760823021
"name","name",659,0.000956562760823021
"care","care",654,0.000949305076750009
"head","head",654,0.000949305076750009
"everything","everything",651,0.000944950466306202
"far","far",651,0.000944950466306202
"talk","talk",647,0.000939144319047792
"bit","bit",646,0.000937692782233189
"children","children",646,0.000937692782233189
"guys","guys",646,0.000937692782233189
"hey","hey",643,0.000933338171789382
"past","past",639,0.000927532024530972
"small","small",639,0.000927532024530972
"started","started",638,0.00092608048771637
"believe","believe",635,0.000921725877272562
"tomorrow","tomorrow",632,0.000917371266828755
"called","called",631,0.000915919730014152
"white","white",621,0.000901404361868128
"anyone","anyone",613,0.000889792067351308
"together","together",612,0.000888340530536706
"minutes","minutes",611,0.000886888993722103
"kind","kind",609,0.000883985920092898
"isnt","isnt",604,0.000876728236019886
"hit","hit",601,0.000872373625576079
"watching","watching",600,0.000870922088761476
"amazing","amazing",599,0.000869470551946874
"young","young",598,0.000868019015132271
"less","less",596,0.000865115941503066
"awesome","awesome",594,0.000862212867873861
"party","party",592,0.000859309794244657
"weeks","weeks",592,0.000859309794244657
"month","month",589,0.000854955183800849
"wanted","wanted",586,0.000850600573357042
"ready","ready",585,0.000849149036542439
"friend","friend",583,0.000846245962913234
"post","post",583,0.000846245962913234
"mind","mind",581,0.00084334288928403
"able","able",575,0.000834633668396415
"company","company",574,0.000833182131581812
"haha","haha",572,0.000830279057952607
"lets","lets",571,0.000828827521138005
"girl","girl",567,0.000823021373879595
"miss","miss",567,0.000823021373879595
"news","news",566,0.000821569837064993
"others","others",565,0.00082011830025039
"saw","saw",565,0.00082011830025039
"games","games",564,0.000818666763435788
"including","including",564,0.000818666763435788
"probably","probably",563,0.000817215226621185
"wasnt","wasnt",563,0.000817215226621185
"group","group",562,0.000815763689806583
"whats","whats",561,0.00081431215299198
"hours","hours",559,0.000811409079362775
"along","along",557,0.00080850600573357
"full","full",556,0.000807054468918968
"almost","almost",554,0.000804151395289763
"hear","hear",553,0.000802699858475161
"idea","idea",551,0.000799796784845956
"local","local",549,0.000796893711216751
"president","president",549,0.000796893711216751
"using","using",547,0.000793990637587546
"several","several",545,0.000791087563958341
"watch","watch",544,0.000789636027143738
"case","case",541,0.000785281416699931
"women","women",541,0.000785281416699931
"heart","heart",540,0.000783829879885329
"mean","mean",540,0.000783829879885329
"black","black",538,0.000780926806256124
"forward","forward",537,0.000779475269441521
"support","support",537,0.000779475269441521
"needs","needs",536,0.000778023732626919
"true","true",535,0.000776572195812316
"seen","seen",534,0.000775120658997714
"months","months",533,0.000773669122183111
"theyre","theyre",533,0.000773669122183111
"five","five",532,0.000772217585368509
"favorite","favorite",531,0.000770766048553906
"yeah","yeah",531,0.000770766048553906
"side","side",530,0.000769314511739304
"whole","whole",530,0.000769314511739304
"cool","cool",529,0.000767862974924702
"remember","remember",529,0.000767862974924702
"blog","blog",527,0.000764959901295497
"class","class",527,0.000764959901295497
"wish","wish",527,0.000764959901295497
"car","car",526,0.000763508364480894
"half","half",526,0.000763508364480894
"beautiful","beautiful",523,0.000759153754037087
"lost","lost",521,0.000756250680407882
"health","health",517,0.000750444533149472
"line","line",517,0.000750444533149472
"center","center",516,0.00074899299633487
"however","however",516,0.00074899299633487
"law","law",516,0.00074899299633487
"playing","playing",516,0.00074899299633487
"taking","taking",515,0.000747541459520267
"else","else",513,0.000744638385891062
"asked","asked",505,0.000733026091374242
"bring","bring",505,0.000733026091374242
"students","students",504,0.00073157455455964
"face","face",503,0.000730123017745038
"states","states",503,0.000730123017745038
"area","area",502,0.000728671480930435
"fact","fact",501,0.000727219944115833
"plan","plan",500,0.00072576840730123
"office","office",499,0.000724316870486628
"comes","comes",498,0.000722865333672025
"following","following",496,0.00071996226004282
"couple","couple",494,0.000717059186413615
"finally","finally",494,0.000717059186413615
"often","often",493,0.000715607649599013
"american","american",492,0.00071415611278441
"national","national",492,0.00071415611278441
"stay","stay",492,0.00071415611278441
"gonna","gonna",491,0.000712704575969808
"looks","looks",489,0.000709801502340603
"wont","wont",488,0.000708349965526001
"summer","summer",485,0.000703995355082193
"government","government",484,0.000702543818267591
"number","number",479,0.000695286134194579
"saturday","saturday",479,0.000695286134194579
"guy","guy",478,0.000693834597379976
"late","late",475,0.000689479986936169
"community","community",472,0.000685125376492361
"excited","excited",471,0.000683673839677759
"move","move",470,0.000682222302863156
"hate","hate",469,0.000680770766048554
"means","means",467,0.000677867692419349
"books","books",466,0.000676416155604747
"add","add",465,0.000674964618790144
"important","important",465,0.000674964618790144
"sunday","sunday",462,0.000670610008346337
"become","become",461,0.000669158471531734
"birthday","birthday",461,0.000669158471531734
"according","according",460,0.000667706934717132
"close","close",460,0.000667706934717132
"service","service",457,0.000663352324273324
"movie","movie",456,0.000661900787458722
"power","power",456,0.000661900787458722
"ask","ask",454,0.000658997713829517
"country","country",454,0.000658997713829517
"given","given",454,0.000658997713829517
"monday","monday",454,0.000658997713829517
"park","park",454,0.000658997713829517
"court","court",452,0.000656094640200312
"instead","instead",452,0.000656094640200312
"phone","phone",452,0.000656094640200312
"men","men",451,0.00065464310338571
"buy","buy",450,0.000653191566571107
"saying","saying",450,0.000653191566571107
"cut","cut",448,0.000650288492941902
"sometimes","sometimes",447,0.0006488369561273
"quite","quite",446,0.000647385419312697
"word","word",446,0.000647385419312697
"hot","hot",445,0.000645933882498095
"leave","leave",445,0.000645933882498095
"mom","mom",445,0.000645933882498095
"street","street",443,0.00064303080886889
"thinking","thinking",443,0.00064303080886889
"heard","heard",439,0.00063722466161048
"pay","pay",438,0.000635773124795878
"outside","outside",436,0.000632870051166673
"program","program",436,0.000632870051166673
"meet","meet",435,0.00063141851435207
"project","project",435,0.00063141851435207
"talking","talking",435,0.00063141851435207
"road","road",434,0.000629966977537468
"john","john",431,0.00062561236709366
"running","running",431,0.00062561236709366
"former","former",430,0.000624160830279058
"red","red",430,0.000624160830279058
"song","song",430,0.000624160830279058
"deal","deal",429,0.000622709293464455
"knew","knew",428,0.000621257756649853
"experience","experience",427,0.000619806219835251
"tweet","tweet",427,0.000619806219835251
"future","future",426,0.000618354683020648
"seems","seems",426,0.000618354683020648
"board","board",425,0.000616903146206046
"list","list",425,0.000616903146206046
"problem","problem",425,0.000616903146206046
"stuff","stuff",425,0.000616903146206046
"system","system",422,0.000612548535762238
"moment","moment",421,0.000611096998947636
"points","points",421,0.000611096998947636
"series","series",421,0.000611096998947636
"share","share",421,0.000611096998947636
"special","special",421,0.000611096998947636
"whether","whether",421,0.000611096998947636
"sorry","sorry",420,0.000609645462133033
"history","history",419,0.000608193925318431
"sleep","sleep",419,0.000608193925318431
"social","social",419,0.000608193925318431
"behind","behind",416,0.000603839314874624
"wrong","wrong",416,0.000603839314874624
"coach","coach",414,0.000600936241245419
"havent","havent",414,0.000600936241245419
"either","either",413,0.000599484704430816
"film","film",412,0.000598033167616214
"rather","rather",412,0.000598033167616214
"april","april",411,0.000596581630801611
"reading","reading",411,0.000596581630801611
"couldnt","couldnt",410,0.000595130093987009
"words","words",410,0.000595130093987009
"gets","gets",408,0.000592227020357804
"girls","girls",407,0.000590775483543201
"body","body",406,0.000589323946728599
"york","york",406,0.000589323946728599
"six","six",405,0.000587872409913996
"writing","writing",405,0.000587872409913996
"art","art",404,0.000586420873099394
"shit","shit",404,0.000586420873099394
"goes","goes",403,0.000584969336284792
"living","living",403,0.000584969336284792
"reason","reason",401,0.000582066262655587
"woman","woman",401,0.000582066262655587
"across","across",400,0.000580614725840984
"event","event",398,0.000577711652211779
"death","death",397,0.000576260115397177
"parents","parents",397,0.000576260115397177
"played","played",396,0.000574808578582574
"tuesday","tuesday",396,0.000574808578582574
"baby","baby",393,0.000570453968138767
"guess","guess",393,0.000570453968138767
"hand","hand",393,0.000570453968138767
"turn","turn",393,0.000570453968138767
"beer","beer",392,0.000569002431324164
"college","college",392,0.000569002431324164
"meeting","meeting",392,0.000569002431324164
"perfect","perfect",391,0.000567550894509562
"question","question",390,0.00056609935769496
"university","university",390,0.00056609935769496
"enjoy","enjoy",389,0.000564647820880357
"bill","bill",388,0.000563196284065755
"information","information",388,0.000563196284065755
"short","short",388,0.000563196284065755
"hour","hour",386,0.00056029321043655
"decided","decided",383,0.000555938599992742
"matter","matter",383,0.000555938599992742
"order","order",383,0.000555938599992742
"light","light",382,0.00055448706317814
"pick","pick",379,0.000550132452734332
"feeling","feeling",378,0.00054868091591973
"wants","wants",378,0.00054868091591973
"known","known",376,0.000545777842290525
"san","san",375,0.000544326305475923
"third","third",375,0.000544326305475923
"easy","easy",374,0.00054287476866132
"fall","fall",374,0.00054287476866132
"media","media",374,0.00054287476866132
"email","email",373,0.000541423231846718
"spring","spring",373,0.000541423231846718
"mother","mother",372,0.000539971695032115
"shes","shes",372,0.000539971695032115
"felt","felt",371,0.000538520158217513
"front","front",371,0.000538520158217513
"within","within",371,0.000538520158217513
"child","child",370,0.00053706862140291
"eat","eat",370,0.00053706862140291
"fire","fire",370,0.00053706862140291
"members","members",370,0.00053706862140291
"thursday","thursday",370,0.00053706862140291
"south","south",369,0.000535617084588308
"taken","taken",369,0.000535617084588308
"gave","gave",368,0.000534165547773705
"church","church",366,0.0005312624741445
"fans","fans",366,0.0005312624741445
"although","although",364,0.000528359400515296
"hell","hell",364,0.000528359400515296
"large","large",364,0.000528359400515296
"officials","officials",364,0.000528359400515296
"players","players",364,0.000528359400515296
"especially","especially",363,0.000526907863700693
"lead","lead",363,0.000526907863700693
"works","works",363,0.000526907863700693
"break","break",362,0.000525456326886091
"needed","needed",362,0.000525456326886091
"building","building",361,0.000524004790071488
"dinner","dinner",361,0.000524004790071488
"director","director",360,0.000522553253256886
"happen","happen",360,0.000522553253256886
"cause","cause",359,0.000521101716442283
"video","video",359,0.000521101716442283
"obama","obama",358,0.000519650179627681
"among","among",357,0.000518198642813078
"final","final",357,0.000518198642813078
"green","green",357,0.000518198642813078
"major","major",357,0.000518198642813078
"shot","shot",357,0.000518198642813078
"issue","issue",356,0.000516747105998476
"near","near",356,0.000516747105998476
"understand","understand",356,0.000516747105998476
"market","market",355,0.000515295569183873
"shows","shows",354,0.000513844032369271
"available","available",353,0.000512392495554669
"interesting","interesting",352,0.000510940958740066
"learn","learn",352,0.000510940958740066
"strong","strong",351,0.000509489421925464
"write","write",351,0.000509489421925464
"glad","glad",350,0.000508037885110861
"welcome","welcome",349,0.000506586348296259
"crazy","crazy",348,0.000505134811481656
"sense","sense",347,0.000503683274667054
"rest","rest",346,0.000502231737852451
"single","single",346,0.000502231737852451
"march","march",345,0.000500780201037849
"per","per",344,0.000499328664223246
"seeing","seeing",344,0.000499328664223246
"store","store",344,0.000499328664223246
"federal","federal",343,0.000497877127408644
"report","report",343,0.000497877127408644
"gone","gone",342,0.000496425590594041
"visit","visit",342,0.000496425590594041
"space","space",341,0.000494974053779439
"turned","turned",341,0.000494974053779439
"spent","spent",339,0.000492070980150234
"chance","chance",338,0.000490619443335632
"loved","loved",338,0.000490619443335632
"schools","schools",338,0.000490619443335632
"lives","lives",337,0.000489167906521029
"nearly","nearly",337,0.000489167906521029
"son","son",337,0.000489167906521029
"general","general",336,0.000487716369706427
"site","site",336,0.000487716369706427
"department","department",334,0.000484813296077222
"starting","starting",332,0.000481910222448017
"district","district",330,0.000479007148818812
"inside","inside",330,0.000479007148818812
"ones","ones",330,0.000479007148818812
"added","added",329,0.000477555612004209
"bed","bed",329,0.000477555612004209
"education","education",329,0.000477555612004209
"record","record",329,0.000477555612004209
"sweet","sweet",329,0.000477555612004209
"eyes","eyes",328,0.000476104075189607
"online","online",328,0.000476104075189607
"field","field",327,0.000474652538375005
"finished","finished",327,0.000474652538375005
"picture","picture",327,0.000474652538375005
"age","age",326,0.000473201001560402
"send","send",326,0.000473201001560402
"tried","tried",326,0.000473201001560402
"worth","worth",326,0.000473201001560402
"hair","hair",325,0.0004717494647458
"wednesday","wednesday",325,0.0004717494647458
"drive","drive",324,0.000470297927931197
"christmas","christmas",323,0.000468846391116595
"north","north",323,0.000468846391116595
"happened","happened",322,0.000467394854301992
"race","race",322,0.000467394854301992
"teams","teams",322,0.000467394854301992
"air","air",321,0.00046594331748739
"conference","conference",321,0.00046594331748739
"sounds","sounds",321,0.00046594331748739
"weather","weather",321,0.00046594331748739
"huge","huge",320,0.000464491780672787
"looked","looked",319,0.000463040243858185
"paper","paper",319,0.000463040243858185
"plans","plans",318,0.000461588707043582
"youll","youll",317,0.00046013717022898
"definitely","definitely",316,0.000458685633414377
"war","war",316,0.000458685633414377
"worked","worked",316,0.000458685633414377
"card","card",315,0.000457234096599775
"giving","giving",315,0.000457234096599775
"level","level",315,0.000457234096599775
"clear","clear",314,0.000455782559785173
"possible","possible",314,0.000455782559785173
"tax","tax",314,0.000455782559785173
"west","west",314,0.000455782559785173
"won","won",314,0.000455782559785173
"lots","lots",313,0.00045433102297057
"yesterday","yesterday",313,0.00045433102297057
"human","human",312,0.000452879486155968
"political","political",312,0.000452879486155968
"process","process",311,0.000451427949341365
"held","held",310,0.000449976412526763
"rock","rock",310,0.000449976412526763
"takes","takes",310,0.000449976412526763
"weve","weve",309,0.00044852487571216
"super","super",308,0.000447073338897558
"trip","trip",308,0.000447073338897558
"current","current",307,0.000445621802082955
"wanna","wanna",307,0.000445621802082955
"wonderful","wonderful",306,0.000444170265268353
"fuck","fuck",305,0.00044271872845375
"hold","hold",305,0.00044271872845375
"luck","luck",305,0.00044271872845375
"town","town",304,0.000441267191639148
"began","began",303,0.000439815654824545
"perhaps","perhaps",303,0.000439815654824545
"wife","wife",303,0.000439815654824545
"bar","bar",302,0.000438364118009943
"continue","continue",302,0.000438364118009943
"facebook","facebook",301,0.000436912581195341
"join","join",301,0.000436912581195341
"services","services",301,0.000436912581195341
"wouldnt","wouldnt",301,0.000436912581195341
"recently","recently",300,0.000435461044380738
"wow","wow",300,0.000435461044380738
"campaign","campaign",299,0.000434009507566136
"funny","funny",298,0.000432557970751533
"boy","boy",296,0.000429654897122328
"goal","goal",296,0.000429654897122328
"walk","walk",296,0.000429654897122328
"fan","fan",295,0.000428203360307726
"control","control",294,0.000426751823493123
"lunch","lunch",294,0.000426751823493123
"wine","wine",294,0.000426751823493123
"boys","boys",293,0.000425300286678521
"dog","dog",293,0.000425300286678521
"player","player",293,0.000425300286678521
"energy","energy",292,0.000423848749863918
"cost","cost",291,0.000422397213049316
"knows","knows",290,0.000420945676234714
"return","return",290,0.000420945676234714
"create","create",289,0.000419494139420111
"longer","longer",289,0.000419494139420111
"jobs","jobs",288,0.000418042602605509
"recent","recent",288,0.000418042602605509
"blue","blue",286,0.000415139528976304
"cover","cover",286,0.000415139528976304
"piece","piece",286,0.000415139528976304
"simply","simply",286,0.000415139528976304
"waiting","waiting",285,0.000413687992161701
"page","page",284,0.000412236455347099
"likely","likely",283,0.000410784918532496
"sales","sales",283,0.000410784918532496
"ohio","ohio",282,0.000409333381717894
"based","based",281,0.000407881844903291
"door","door",281,0.000407881844903291
"decision","decision",280,0.000406430308088689
"training","training",280,0.000406430308088689
"washington","washington",280,0.000406430308088689
"coffee","coffee",279,0.000404978771274086
"simple","simple",279,0.000404978771274086
"met","met",278,0.000403527234459484
"beat","beat",277,0.000402075697644882
"damn","damn",277,0.000402075697644882
"jesus","jesus",277,0.000402075697644882
"voice","voice",277,0.000402075697644882
"sent","sent",276,0.000400624160830279
"personal","personal",275,0.000399172624015677
"success","success",275,0.000399172624015677
"hands","hands",272,0.000394818013571869
"career","career",271,0.000393366476757267
"challenge","challenge",271,0.000393366476757267
"father","father",270,0.000391914939942664
"followers","followers",270,0.000391914939942664
"price","price",270,0.000391914939942664
"club","club",269,0.000390463403128062
"dead","dead",269,0.000390463403128062
"research","research",269,0.000390463403128062
"seriously","seriously",269,0.000390463403128062
"vote","vote",269,0.000390463403128062
"chicago","chicago",268,0.000389011866313459
"due","due",268,0.000389011866313459
"problems","problems",268,0.000389011866313459
"missed","missed",267,0.000387560329498857
"save","save",267,0.000387560329498857
"usually","usually",267,0.000387560329498857
"whatever","whatever",267,0.000387560329498857
"low","low",265,0.000384657255869652
"okay","okay",265,0.000384657255869652
"seem","seem",265,0.000384657255869652
"arent","arent",264,0.00038320571905505
"fine","fine",264,0.00038320571905505
"practice","practice",264,0.00038320571905505
"america","america",263,0.000381754182240447
"design","design",263,0.000381754182240447
"james","james",263,0.000381754182240447
"mark","mark",263,0.000381754182240447
"step","step",263,0.000381754182240447
"wonder","wonder",263,0.000381754182240447
"act","act",262,0.000380302645425845
"band","band",261,0.000378851108611242
"died","died",261,0.000378851108611242
"feet","feet",261,0.000378851108611242
"spend","spend",261,0.000378851108611242
"staff","staff",261,0.000378851108611242
"yearold","yearold",261,0.000378851108611242
"youve","youve",261,0.000378851108611242
"brown","brown",260,0.00037739957179664
"east","east",260,0.00037739957179664
"husband","husband",260,0.00037739957179664
"issues","issues",260,0.00037739957179664
"round","round",260,0.00037739957179664
"ass","ass",259,0.000375948034982037
"jersey","jersey",259,0.000375948034982037
"sound","sound",259,0.000375948034982037
"website","website",259,0.000375948034982037
"middle","middle",258,0.000374496498167435
"quickly","quickly",258,0.000374496498167435
"star","star",258,0.000374496498167435
"include","include",257,0.000373044961352832
"cute","cute",256,0.00037159342453823
"stand","stand",256,0.00037159342453823
"ball","ball",255,0.000370141887723627
"changes","changes",255,0.000370141887723627
"cleveland","cleveland",255,0.000370141887723627
"expected","expected",255,0.000370141887723627
"loss","loss",255,0.000370141887723627
"exactly","exactly",254,0.000368690350909025
"focus","focus",254,0.000368690350909025
"football","football",254,0.000368690350909025
"heat","heat",254,0.000368690350909025
"led","led",254,0.000368690350909025
"brought","brought",253,0.000367238814094422
"david","david",253,0.000367238814094422
"june","june",253,0.000367238814094422
"learned","learned",253,0.000367238814094422
"moving","moving",253,0.000367238814094422
"stories","stories",253,0.000367238814094422
"tickets","tickets",253,0.000367238814094422
"despite","despite",252,0.00036578727727982
"financial","financial",252,0.00036578727727982
"form","form",252,0.00036578727727982
"certain","certain",251,0.000364335740465218
"medical","medical",251,0.000364335740465218
"ways","ways",250,0.000362884203650615
"united","united",249,0.000361432666836013
"became","became",248,0.00035998113002141
"league","league",248,0.00035998113002141
"restaurant","restaurant",248,0.00035998113002141
"sign","sign",248,0.00035998113002141
"fight","fight",247,0.000358529593206808
"dark","dark",246,0.000357078056392205
"hospital","hospital",246,0.000357078056392205
"entire","entire",244,0.000354174982763
"gotta","gotta",244,0.000354174982763
"questions","questions",244,0.000354174982763
"sun","sun",244,0.000354174982763
"bowl","bowl",243,0.000352723445948398
"received","received",243,0.000352723445948398
"dance","dance",242,0.000351271909133795
"totally","totally",242,0.000351271909133795
"example","example",241,0.000349820372319193
"oil","oil",241,0.000349820372319193
"bought","bought",240,0.00034836883550459
"offer","offer",240,0.00034836883550459
"omg","omg",240,0.00034836883550459
"role","role",240,0.00034836883550459
"whose","whose",240,0.00034836883550459
"afternoon","afternoon",239,0.000346917298689988
"character","character",238,0.000345465761875386
"cold","cold",238,0.000345465761875386
"events","events",238,0.000345465761875386
"wrote","wrote",238,0.000345465761875386
"provide","provide",237,0.000344014225060783
"companies","companies",236,0.000342562688246181
"cup","cup",236,0.000342562688246181
"louis","louis",236,0.000342562688246181
"serious","serious",236,0.000342562688246181
"forget","forget",235,0.000341111151431578
"listening","listening",235,0.000341111151431578
"judge","judge",234,0.000339659614616976
"listen","listen",234,0.000339659614616976
"pass","pass",234,0.000339659614616976
"sad","sad",234,0.000339659614616976
"truth","truth",234,0.000339659614616976
"attention","attention",233,0.000338208077802373
"fresh","fresh",233,0.000338208077802373
"hall","hall",233,0.000338208077802373
"helped","helped",233,0.000338208077802373
"safe","safe",233,0.000338208077802373
"starts","starts",233,0.000338208077802373
"billion","billion",232,0.000336756540987771
"budget","budget",232,0.000336756540987771
"chicken","chicken",232,0.000336756540987771
"drink","drink",232,0.000336756540987771
"international","international",232,0.000336756540987771
"sports","sports",232,0.000336756540987771
"box","box",231,0.000335305004173168
"choice","choice",231,0.000335305004173168
"details","details",231,0.000335305004173168
"fair","fair",231,0.000335305004173168
"main","main",231,0.000335305004173168
"minute","minute",231,0.000335305004173168
"note","note",231,0.000335305004173168
"pain","pain",231,0.000335305004173168
"sitting","sitting",231,0.000335305004173168
"answer","answer",230,0.000333853467358566
"opportunity","opportunity",230,0.000333853467358566
"study","study",230,0.000333853467358566
"action","action",229,0.000332401930543963
"land","land",229,0.000332401930543963
"poor","poor",229,0.000332401930543963
"mine","mine",228,0.000330950393729361
"paid","paid",228,0.000330950393729361
"walking","walking",228,0.000330950393729361
"california","california",227,0.000329498856914759
"development","development",227,0.000329498856914759
"dream","dream",227,0.000329498856914759
"named","named",227,0.000329498856914759
"agree","agree",226,0.000328047320100156
"table","table",226,0.000328047320100156
"alone","alone",225,0.000326595783285554
"date","date",225,0.000326595783285554
"daughter","daughter",225,0.000326595783285554
"extra","extra",225,0.000326595783285554
"hotel","hotel",225,0.000326595783285554
"moved","moved",225,0.000326595783285554
"plus","plus",225,0.000326595783285554
"private","private",225,0.000326595783285554
"seemed","seemed",225,0.000326595783285554
"wear","wear",225,0.000326595783285554
"brother","brother",224,0.000325144246470951
"mothers","mothers",224,0.000325144246470951
"statement","statement",224,0.000325144246470951
"straight","straight",224,0.000325144246470951
"tired","tired",224,0.000325144246470951
"beginning","beginning",223,0.000323692709656349
"earlier","earlier",223,0.000323692709656349
"track","track",223,0.000323692709656349
"anyway","anyway",222,0.000322241172841746
"eating","eating",222,0.000322241172841746
"higher","higher",222,0.000322241172841746
"completely","completely",221,0.000320789636027144
"fast","fast",221,0.000320789636027144
"followed","followed",221,0.000320789636027144
"lake","lake",221,0.000320789636027144
"congrats","congrats",220,0.000319338099212541
"seven","seven",220,0.000319338099212541
"release","release",219,0.000317886562397939
"tweets","tweets",219,0.000317886562397939
"die","die",218,0.000316435025583336
"portland","portland",218,0.000316435025583336
"river","river",218,0.000316435025583336
"beyond","beyond",217,0.000314983488768734
"ice","ice",217,0.000314983488768734
"member","member",217,0.000314983488768734
"passed","passed",217,0.000314983488768734
"paul","paul",217,0.000314983488768734
"released","released",217,0.000314983488768734
"test","test",217,0.000314983488768734
"deep","deep",216,0.000313531951954131
"library","library",216,0.000313531951954131
"places","places",216,0.000313531951954131
"runs","runs",216,0.000313531951954131
"speak","speak",216,0.000313531951954131
"total","total",216,0.000313531951954131
"industry","industry",215,0.000312080415139529
"allow","allow",214,0.000310628878324927
"consider","consider",214,0.000310628878324927
"council","council",214,0.000310628878324927
"created","created",214,0.000310628878324927
"difficult","difficult",214,0.000310628878324927
"expect","expect",214,0.000310628878324927
"grow","grow",214,0.000310628878324927
"message","message",214,0.000310628878324927
"projects","projects",214,0.000310628878324927
"rate","rate",214,0.000310628878324927
"lady","lady",213,0.000309177341510324
"leaving","leaving",213,0.000309177341510324
"chris","chris",212,0.000307725804695722
"daily","daily",212,0.000307725804695722
"finish","finish",212,0.000307725804695722
"gift","gift",212,0.000307725804695722
"kid","kid",212,0.000307725804695722
"learning","learning",212,0.000307725804695722
"lose","lose",212,0.000307725804695722
"blood","blood",211,0.000306274267881119
"cheese","cheese",211,0.000306274267881119
"manager","manager",211,0.000306274267881119
"opening","opening",211,0.000306274267881119
"realize","realize",211,0.000306274267881119
"bank","bank",210,0.000304822731066517
"certainly","certainly",210,0.000304822731066517
"key","key",210,0.000304822731066517
"review","review",210,0.000304822731066517
"spending","spending",210,0.000304822731066517
"text","text",210,0.000304822731066517
"ahead","ahead",209,0.000303371194251914
"amount","amount",209,0.000303371194251914
"dad","dad",209,0.000303371194251914
"feels","feels",209,0.000303371194251914
"gives","gives",209,0.000303371194251914
"kept","kept",209,0.000303371194251914
"style","style",209,0.000303371194251914
"biggest","biggest",208,0.000301919657437312
"effort","effort",208,0.000301919657437312
"force","force",208,0.000301919657437312
"period","period",208,0.000301919657437312
"position","position",208,0.000301919657437312
"begin","begin",207,0.000300468120622709
"busy","busy",207,0.000300468120622709
"cards","cards",207,0.000300468120622709
"customers","customers",207,0.000300468120622709
"executive","executive",207,0.000300468120622709
"increase","increase",207,0.000300468120622709
"interest","interest",207,0.000300468120622709
"photos","photos",207,0.000300468120622709
"press","press",207,0.000300468120622709
"security","security",207,0.000300468120622709
"data","data",206,0.000299016583808107
"pictures","pictures",206,0.000299016583808107
"spot","spot",206,0.000299016583808107
"color","color",205,0.000297565046993504
"figure","figure",205,0.000297565046993504
"official","official",205,0.000297565046993504
"prices","prices",205,0.000297565046993504
"average","average",204,0.000296113510178902
"chief","chief",204,0.000296113510178902
"etc","etc",204,0.000296113510178902
"search","search",204,0.000296113510178902
"student","student",204,0.000296113510178902
"title","title",204,0.000296113510178902
"tour","tour",204,0.000296113510178902
"album","album",203,0.000294661973364299
"imagine","imagine",203,0.000294661973364299
"interested","interested",203,0.000294661973364299
"sit","sit",203,0.000294661973364299
"defense","defense",202,0.000293210436549697
"ground","ground",202,0.000293210436549697
"hurt","hurt",202,0.000293210436549697
"included","included",202,0.000293210436549697
"interview","interview",202,0.000293210436549697
"miles","miles",202,0.000293210436549697
"rain","rain",202,0.000293210436549697
"reported","reported",202,0.000293210436549697
"republican","republican",202,0.000293210436549697
"written","written",202,0.000293210436549697
"ideas","ideas",201,0.000291758899735095
"lovely","lovely",201,0.000291758899735095
"planning","planning",201,0.000291758899735095
"rights","rights",201,0.000291758899735095
"sex","sex",201,0.000291758899735095
"version","version",201,0.000291758899735095
"internet","internet",200,0.000290307362920492
"michael","michael",200,0.000290307362920492
"results","results",200,0.000290307362920492
"upon","upon",200,0.000290307362920492
"asking","asking",199,0.00028885582610589
"beach","beach",199,0.00028885582610589
"catch","catch",199,0.00028885582610589
"changed","changed",199,0.00028885582610589
"contact","contact",199,0.00028885582610589
"travel","travel",199,0.00028885582610589
"difference","difference",198,0.000287404289291287
"july","july",198,0.000287404289291287
"king","king",198,0.000287404289291287
"scene","scene",198,0.000287404289291287
"sold","sold",198,0.000287404289291287
"via","via",198,0.000287404289291287
"view","view",198,0.000287404289291287
"involved","involved",197,0.000285952752476685
"mention","mention",197,0.000285952752476685
"rose","rose",197,0.000285952752476685
"stage","stage",197,0.000285952752476685
"attorney","attorney",196,0.000284501215662082
"block","block",196,0.000284501215662082
"clean","clean",196,0.000284501215662082
"killed","killed",196,0.000284501215662082
"result","result",196,0.000284501215662082
"sister","sister",196,0.000284501215662082
"texas","texas",196,0.000284501215662082
"thoughts","thoughts",196,0.000284501215662082
"wearing","wearing",196,0.000284501215662082
"winning","winning",196,0.000284501215662082
"build","build",195,0.00028304967884748
"telling","telling",195,0.00028304967884748
"type","type",195,0.00028304967884748
"calls","calls",194,0.000281598142032877
"chocolate","chocolate",194,0.000281598142032877
"credit","credit",194,0.000281598142032877
"eight","eight",194,0.000281598142032877
"evening","evening",194,0.000281598142032877
"hoping","hoping",194,0.000281598142032877
"programs","programs",194,0.000281598142032877
"winter","winter",194,0.000281598142032877
"comment","comment",193,0.000280146605218275
"earth","earth",193,0.000280146605218275
"eye","eye",193,0.000280146605218275
"fish","fish",193,0.000280146605218275
"hearing","hearing",193,0.000280146605218275
"mike","mike",193,0.000280146605218275
"born","born",192,0.000278695068403672
"healthy","healthy",192,0.000278695068403672
"meant","meant",192,0.000278695068403672
"oregon","oregon",192,0.000278695068403672
"quick","quick",192,0.000278695068403672
"sort","sort",192,0.000278695068403672
"throughout","throughout",192,0.000278695068403672
"toward","toward",192,0.000278695068403672
"whos","whos",192,0.000278695068403672
"workers","workers",192,0.000278695068403672
"original","original",191,0.00027724353158907
"songs","songs",191,0.00027724353158907
"aint","aint",190,0.000275791994774467
"leaders","leaders",190,0.000275791994774467
"photo","photo",190,0.000275791994774467
"potential","potential",190,0.000275791994774467
"similar","similar",190,0.000275791994774467
"watched","watched",190,0.000275791994774467
"account","account",189,0.000274340457959865
"annual","annual",189,0.000274340457959865
"common","common",189,0.000274340457959865
"economic","economic",189,0.000274340457959865
"everybody","everybody",189,0.000274340457959865
"fear","fear",189,0.000274340457959865
"happens","happens",189,0.000274340457959865
"performance","performance",189,0.000274340457959865
"plays","plays",189,0.000274340457959865
"property","property",189,0.000274340457959865
"proud","proud",189,0.000274340457959865
"double","double",188,0.000272888921145263
"garden","garden",188,0.000272888921145263
"reach","reach",188,0.000272888921145263
"union","union",188,0.000272888921145263
"absolutely","absolutely",187,0.00027143738433066
"agreed","agreed",187,0.00027143738433066
"allowed","allowed",187,0.00027143738433066
"fucking","fucking",187,0.00027143738433066
"present","present",187,0.00027143738433066
"session","session",187,0.00027143738433066
"wall","wall",187,0.00027143738433066
"warm","warm",187,0.00027143738433066
"heres","heres",186,0.000269985847516058
"lucky","lucky",186,0.000269985847516058
"bottom","bottom",185,0.000268534310701455
"economy","economy",185,0.000268534310701455
"fell","fell",185,0.000268534310701455
"growing","growing",185,0.000268534310701455
"sat","sat",185,0.000268534310701455
"complete","complete",184,0.000267082773886853
"ended","ended",184,0.000267082773886853
"gas","gas",184,0.000267082773886853
"relationship","relationship",184,0.000267082773886853
"society","society",184,0.000267082773886853
"worst","worst",184,0.000267082773886853
"costs","costs",183,0.00026563123707225
"mix","mix",183,0.00026563123707225
"trust","trust",183,0.00026563123707225
"announced","announced",182,0.000264179700257648
"base","base",182,0.000264179700257648
"choose","choose",182,0.000264179700257648
"natural","natural",182,0.000264179700257648
"shop","shop",182,0.000264179700257648
"touch","touch",182,0.000264179700257648
"unless","unless",182,0.000264179700257648
"breakfast","breakfast",181,0.000262728163443045
"dear","dear",181,0.000262728163443045
"driving","driving",181,0.000262728163443045
"sick","sick",181,0.000262728163443045
"groups","groups",180,0.000261276626628443
"image","image",180,0.000261276626628443
"link","link",180,0.000261276626628443
"missing","missing",180,0.000261276626628443
"mostly","mostly",180,0.000261276626628443
"regular","regular",180,0.000261276626628443
"situation","situation",180,0.000261276626628443
"cake","cake",179,0.00025982508981384
"employees","employees",179,0.00025982508981384
"lord","lord",179,0.00025982508981384
"quality","quality",179,0.00025982508981384
"baseball","baseball",178,0.000258373552999238
"committee","committee",178,0.000258373552999238
"fourth","fourth",178,0.000258373552999238
"florida","florida",177,0.000256922016184635
"google","google",177,0.000256922016184635
"hopefully","hopefully",177,0.000256922016184635
"keeping","keeping",177,0.000256922016184635
"opened","opened",177,0.000256922016184635
"positive","positive",177,0.000256922016184635
"supposed","supposed",177,0.000256922016184635
"areas","areas",176,0.000255470479370033
"floor","floor",176,0.000255470479370033
"goals","goals",176,0.000255470479370033
"safety","safety",176,0.000255470479370033
"senior","senior",176,0.000255470479370033
"smile","smile",176,0.000255470479370033
"taste","taste",176,0.000255470479370033
"truly","truly",176,0.000255470479370033
"central","central",175,0.000254018942555431
"cream","cream",175,0.000254018942555431
"enjoyed","enjoyed",175,0.000254018942555431
"kitchen","kitchen",175,0.000254018942555431
"risk","risk",175,0.000254018942555431
"folks","folks",174,0.000252567405740828
"glass","glass",174,0.000252567405740828
"includes","includes",174,0.000252567405740828
"picked","picked",174,0.000252567405740828
"policy","policy",174,0.000252567405740828
"putting","putting",174,0.000252567405740828
"todays","todays",174,0.000252567405740828
"winner","winner",174,0.000252567405740828
"count","count",173,0.000251115868926226
"dude","dude",173,0.000251115868926226
"lack","lack",173,0.000251115868926226
"legal","legal",173,0.000251115868926226
"liked","liked",173,0.000251115868926226
"previous","previous",173,0.000251115868926226
"romney","romney",173,0.000251115868926226
"austin","austin",172,0.000249664332111623
"fit","fit",172,0.000249664332111623
"foot","foot",172,0.000249664332111623
"sugar","sugar",172,0.000249664332111623
"teacher","teacher",172,0.000249664332111623
"currently","currently",171,0.000248212795297021
"downtown","downtown",171,0.000248212795297021
"dreams","dreams",171,0.000248212795297021
"leader","leader",171,0.000248212795297021
"mad","mad",171,0.000248212795297021
"numbers","numbers",171,0.000248212795297021
"ran","ran",171,0.000248212795297021
"author","author",170,0.000246761258482418
"collection","collection",170,0.000246761258482418
"lmao","lmao",170,0.000246761258482418
"popular","popular",170,0.000246761258482418
"sale","sale",170,0.000246761258482418
"article","article",169,0.000245309721667816
"growth","growth",169,0.000245309721667816
"hello","hello",169,0.000245309721667816
"leading","leading",169,0.000245309721667816
"onto","onto",169,0.000245309721667816
"products","products",169,0.000245309721667816
"stopped","stopped",169,0.000245309721667816
"throw","throw",169,0.000245309721667816
"tough","tough",169,0.000245309721667816
"traffic","traffic",169,0.000245309721667816
"language","language",168,0.000243858184853213
"size","size",168,0.000243858184853213
"station","station",168,0.000243858184853213
"trade","trade",168,0.000243858184853213
"french","french",167,0.000242406648038611
"older","older",167,0.000242406648038611
"overall","overall",167,0.000242406648038611
"science","science",167,0.000242406648038611
"shoes","shoes",167,0.000242406648038611
"worse","worse",167,0.000242406648038611
"agency","agency",166,0.000240955111224008
"calling","calling",166,0.000240955111224008
"cancer","cancer",166,0.000240955111224008
"cases","cases",166,0.000240955111224008
"caught","caught",166,0.000240955111224008
"heading","heading",166,0.000240955111224008
"holiday","holiday",166,0.000240955111224008
"serve","serve",166,0.000240955111224008
"term","term",166,0.000240955111224008
"address","address",165,0.000239503574409406
"appreciate","appreciate",165,0.000239503574409406
"built","built",165,0.000239503574409406
"draft","draft",165,0.000239503574409406
"finding","finding",165,0.000239503574409406
"kill","kill",165,0.000239503574409406
"nature","nature",165,0.000239503574409406
"app","app",164,0.000238052037594804
"bay","bay",164,0.000238052037594804
"characters","characters",164,0.000238052037594804
"computer","computer",164,0.000238052037594804
"families","families",164,0.000238052037594804
"helping","helping",164,0.000238052037594804
"pieces","pieces",164,0.000238052037594804
"radio","radio",164,0.000238052037594804
"sell","sell",164,0.000238052037594804
"train","train",164,0.000238052037594804
"voters","voters",164,0.000238052037594804
"access","access",163,0.000236600500780201
"except","except",163,0.000236600500780201
"homes","homes",163,0.000236600500780201
"officers","officers",163,0.000236600500780201
"posted","posted",163,0.000236600500780201
"served","served",163,0.000236600500780201
"signed","signed",163,0.000236600500780201
"anymore","anymore",162,0.000235148963965599
"drop","drop",162,0.000235148963965599
"filled","filled",162,0.000235148963965599
"los","los",162,0.000235148963965599
"marriage","marriage",162,0.000235148963965599
"nation","nation",162,0.000235148963965599
"senate","senate",162,0.000235148963965599
"quarter","quarter",161,0.000233697427150996
"till","till",161,0.000233697427150996
"tree","tree",161,0.000233697427150996
"weight","weight",161,0.000233697427150996
"brain","brain",160,0.000232245890336394
"evidence","evidence",160,0.000232245890336394
"peace","peace",160,0.000232245890336394
"product","product",160,0.000232245890336394
"response","response",160,0.000232245890336394
"rich","rich",160,0.000232245890336394
"yall","yall",160,0.000232245890336394
"basketball","basketball",159,0.000230794353521791
"self","self",159,0.000230794353521791
"sharing","sharing",159,0.000230794353521791
"closed","closed",158,0.000229342816707189
"drug","drug",158,0.000229342816707189
"insurance","insurance",158,0.000229342816707189
"particularly","particularly",158,0.000229342816707189
"americans","americans",157,0.000227891279892586
"fat","fat",157,0.000227891279892586
"gay","gay",157,0.000227891279892586
"gold","gold",157,0.000227891279892586
"lived","lived",157,0.000227891279892586
"necessary","necessary",157,0.000227891279892586
"snow","snow",157,0.000227891279892586
"bitch","bitch",156,0.000226439743077984
"easily","easily",156,0.000226439743077984
"fashion","fashion",156,0.000226439743077984
"impact","impact",156,0.000226439743077984
"marketing","marketing",156,0.000226439743077984
"movies","movies",156,0.000226439743077984
"smith","smith",156,0.000226439743077984
"walked","walked",156,0.000226439743077984
"broken","broken",155,0.000224988206263381
"charge","charge",155,0.000224988206263381
"forever","forever",155,0.000224988206263381
"january","january",155,0.000224988206263381
"latest","latest",155,0.000224988206263381
"nine","nine",155,0.000224988206263381
"normal","normal",155,0.000224988206263381
"pair","pair",155,0.000224988206263381
"shooting","shooting",155,0.000224988206263381
"showed","showed",155,0.000224988206263381
"somebody","somebody",155,0.000224988206263381
"comments","comments",154,0.000223536669448779
"loves","loves",154,0.000223536669448779
"mayor","mayor",154,0.000223536669448779
"recipe","recipe",154,0.000223536669448779
"secret","secret",154,0.000223536669448779
"value","value",154,0.000223536669448779
"election","election",153,0.000222085132634176
"joe","joe",153,0.000222085132634176
"lines","lines",153,0.000222085132634176
"nights","nights",153,0.000222085132634176
"raised","raised",153,0.000222085132634176
"soul","soul",153,0.000222085132634176
"standing","standing",153,0.000222085132634176
"tells","tells",153,0.000222085132634176
"content","content",152,0.000220633595819574
"model","model",152,0.000220633595819574
"obviously","obviously",152,0.000220633595819574
"shopping","shopping",152,0.000220633595819574
"successful","successful",152,0.000220633595819574
"technology","technology",152,0.000220633595819574
"apple","apple",151,0.000219182059004972
"attack","attack",151,0.000219182059004972
"charges","charges",151,0.000219182059004972
"cook","cook",151,0.000219182059004972
"festival","festival",151,0.000219182059004972
"headed","headed",151,0.000219182059004972
"reports","reports",151,0.000219182059004972
"scored","scored",151,0.000219182059004972
"various","various",151,0.000219182059004972
"contract","contract",150,0.000217730522190369
"george","george",150,0.000217730522190369
"realized","realized",150,0.000217730522190369
"artists","artists",149,0.000216278985375767
"notes","notes",149,0.000216278985375767
"smart","smart",149,0.000216278985375767
"stupid","stupid",149,0.000216278985375767
"dollars","dollars",148,0.000214827448561164
"immediately","immediately",148,0.000214827448561164
"museum","museum",148,0.000214827448561164
"residents","residents",148,0.000214827448561164
"significant","significant",148,0.000214827448561164
"stock","stock",148,0.000214827448561164
"benefits","benefits",147,0.000213375911746562
"bob","bob",147,0.000213375911746562
"dress","dress",147,0.000213375911746562
"effect","effect",147,0.000213375911746562
"faith","faith",147,0.000213375911746562
"holding","holding",147,0.000213375911746562
"married","married",147,0.000213375911746562
"talked","talked",147,0.000213375911746562
"terms","terms",147,0.000213375911746562
"twice","twice",147,0.000213375911746562
"weird","weird",147,0.000213375911746562
"broke","broke",146,0.000211924374931959
"charged","charged",146,0.000211924374931959
"classic","classic",146,0.000211924374931959
"clearly","clearly",146,0.000211924374931959
"debt","debt",146,0.000211924374931959
"english","english",146,0.000211924374931959
"hasnt","hasnt",146,0.000211924374931959
"menu","menu",146,0.000211924374931959
"network","network",146,0.000211924374931959
"novel","novel",146,0.000211924374931959
"orange","orange",146,0.000211924374931959
"planned","planned",146,0.000211924374931959
"raise","raise",146,0.000211924374931959
"reality","reality",146,0.000211924374931959
"ride","ride",146,0.000211924374931959
"shots","shots",146,0.000211924374931959
"speaking","speaking",146,0.000211924374931959
"surprise","surprise",146,0.000211924374931959
"tea","tea",146,0.000211924374931959
"teachers","teachers",146,0.000211924374931959
"crowd","crowd",145,0.000210472838117357
"dry","dry",145,0.000210472838117357
"failed","failed",145,0.000210472838117357
"indeed","indeed",145,0.000210472838117357
"items","items",145,0.000210472838117357
"letter","letter",145,0.000210472838117357
"losing","losing",145,0.000210472838117357
"professional","professional",145,0.000210472838117357
"rules","rules",145,0.000210472838117357
"trouble","trouble",145,0.000210472838117357
"ugh","ugh",145,0.000210472838117357
"cash","cash",144,0.000209021301302754
"classes","classes",144,0.000209021301302754
"clothes","clothes",144,0.000209021301302754
"cross","cross",144,0.000209021301302754
"dogs","dogs",144,0.000209021301302754
"eventually","eventually",144,0.000209021301302754
"grand","grand",144,0.000209021301302754
"november","november",144,0.000209021301302754
"path","path",144,0.000209021301302754
"respect","respect",144,0.000209021301302754
"shoot","shoot",144,0.000209021301302754
"yard","yard",144,0.000209021301302754
"bread","bread",143,0.000207569764488152
"easier","easier",143,0.000207569764488152
"organization","organization",143,0.000207569764488152
"pop","pop",143,0.000207569764488152
"production","production",143,0.000207569764488152
"somewhere","somewhere",143,0.000207569764488152
"benefit","benefit",142,0.000206118227673549
"considered","considered",142,0.000206118227673549
"crime","crime",142,0.000206118227673549
"december","december",142,0.000206118227673549
"doubt","doubt",142,0.000206118227673549
"host","host",142,0.000206118227673549
"knowing","knowing",142,0.000206118227673549
"loving","loving",142,0.000206118227673549
"receive","receive",142,0.000206118227673549
"required","required",142,0.000206118227673549
"slow","slow",142,0.000206118227673549
"thomas","thomas",142,0.000206118227673549
"tom","tom",142,0.000206118227673549
"wedding","wedding",142,0.000206118227673549
"ability","ability",141,0.000204666690858947
"artist","artist",141,0.000204666690858947
"enjoying","enjoying",141,0.000204666690858947
"hits","hits",141,0.000204666690858947
"nfl","nfl",141,0.000204666690858947
"offers","offers",141,0.000204666690858947
"pages","pages",141,0.000204666690858947
"particular","particular",141,0.000204666690858947
"remains","remains",141,0.000204666690858947
"ten","ten",141,0.000204666690858947
"trial","trial",141,0.000204666690858947
"wins","wins",141,0.000204666690858947
"audience","audience",140,0.000203215154044344
"bro","bro",140,0.000203215154044344
"camp","camp",140,0.000203215154044344
"excellent","excellent",140,0.000203215154044344
"lower","lower",140,0.000203215154044344
"nba","nba",140,0.000203215154044344
"subject","subject",140,0.000203215154044344
"wild","wild",140,0.000203215154044344
"angeles","angeles",139,0.000201763617229742
"arizona","arizona",139,0.000201763617229742
"direction","direction",139,0.000201763617229742
"flight","flight",139,0.000201763617229742
"helps","helps",139,0.000201763617229742
"info","info",139,0.000201763617229742
"reasons","reasons",139,0.000201763617229742
"roll","roll",139,0.000201763617229742
"addition","addition",138,0.00020031208041514
"avoid","avoid",138,0.00020031208041514
"bus","bus",138,0.00020031208041514
"congress","congress",138,0.00020031208041514
"island","island",138,0.00020031208041514
"plenty","plenty",138,0.00020031208041514
"remain","remain",138,0.00020031208041514
"yards","yards",138,0.00020031208041514
"bag","bag",137,0.000198860543600537
"cat","cat",137,0.000198860543600537
"cooking","cooking",137,0.000198860543600537
"decide","decide",137,0.000198860543600537
"individual","individual",137,0.000198860543600537
"justice","justice",137,0.000198860543600537
"kick","kick",137,0.000198860543600537
"option","option",137,0.000198860543600537
"owner","owner",137,0.000198860543600537
"patients","patients",137,0.000198860543600537
"spread","spread",137,0.000198860543600537
"steps","steps",137,0.000198860543600537
"stuck","stuck",137,0.000198860543600537
"valley","valley",137,0.000198860543600537
"wed","wed",137,0.000198860543600537
"adding","adding",136,0.000197409006785935
"additional","additional",136,0.000197409006785935
"authorities","authorities",136,0.000197409006785935
"award","award",136,0.000197409006785935
"copy","copy",136,0.000197409006785935
"management","management",136,0.000197409006785935
"notice","notice",136,0.000197409006785935
"parts","parts",136,0.000197409006785935
"theyve","theyve",136,0.000197409006785935
"apparently","apparently",135,0.000195957469971332
"buying","buying",135,0.000195957469971332
"cars","cars",135,0.000195957469971332
"explain","explain",135,0.000195957469971332
"hahaha","hahaha",135,0.000195957469971332
"houston","houston",135,0.000195957469971332
"moments","moments",135,0.000195957469971332
"none","none",135,0.000195957469971332
"pink","pink",135,0.000195957469971332
"promise","promise",135,0.000195957469971332
"pull","pull",135,0.000195957469971332
"push","push",135,0.000195957469971332
"robert","robert",135,0.000195957469971332
"square","square",135,0.000195957469971332
"trees","trees",135,0.000195957469971332
"youd","youd",135,0.000195957469971332
"celebrate","celebrate",134,0.00019450593315673
"jack","jack",134,0.00019450593315673
"justin","justin",134,0.00019450593315673
"noticed","noticed",134,0.00019450593315673
"officer","officer",134,0.00019450593315673
"readers","readers",134,0.00019450593315673
"records","records",134,0.00019450593315673
"scott","scott",134,0.00019450593315673
"stadium","stadium",134,0.00019450593315673
"steve","steve",134,0.00019450593315673
"taxes","taxes",134,0.00019450593315673
"turning","turning",134,0.00019450593315673
"advice","advice",133,0.000193054396342127
"bottle","bottle",133,0.000193054396342127
"bright","bright",133,0.000193054396342127
"commission","commission",133,0.000193054396342127
"concert","concert",133,0.000193054396342127
"continued","continued",133,0.000193054396342127
"firm","firm",133,0.000193054396342127
"limited","limited",133,0.000193054396342127
"magic","magic",133,0.000193054396342127
"names","names",133,0.000193054396342127
"otherwise","otherwise",133,0.000193054396342127
"ryan","ryan",133,0.000193054396342127
"salt","salt",133,0.000193054396342127
"turns","turns",133,0.000193054396342127
"werent","werent",133,0.000193054396342127
"window","window",133,0.000193054396342127
"arrived","arrived",132,0.000191602859527525
"battle","battle",132,0.000191602859527525
"carry","carry",132,0.000191602859527525
"guard","guard",132,0.000191602859527525
"leaves","leaves",132,0.000191602859527525
"offered","offered",132,0.000191602859527525
"opinion","opinion",132,0.000191602859527525
"range","range",132,0.000191602859527525
"sea","sea",132,0.000191602859527525
"setting","setting",132,0.000191602859527525
"stars","stars",132,0.000191602859527525
"boston","boston",131,0.000190151322712922
"construction","construction",131,0.000190151322712922
"drinking","drinking",131,0.000190151322712922
"francisco","francisco",131,0.000190151322712922
"funding","funding",131,0.000190151322712922
"greatest","greatest",131,0.000190151322712922
"heavy","heavy",131,0.000190151322712922
"johnson","johnson",131,0.000190151322712922
"military","military",131,0.000190151322712922
"modern","modern",131,0.000190151322712922
"mountain","mountain",131,0.000190151322712922
"nyc","nyc",131,0.000190151322712922
"seat","seat",131,0.000190151322712922
"singing","singing",131,0.000190151322712922
"wake","wake",131,0.000190151322712922
"delicious","delicious",130,0.00018869978589832
"draw","draw",130,0.00018869978589832
"exciting","exciting",130,0.00018869978589832
"holy","holy",130,0.00018869978589832
"kinda","kinda",130,0.00018869978589832
"mouth","mouth",130,0.00018869978589832
"neighborhood","neighborhood",130,0.00018869978589832
"pizza","pizza",130,0.00018869978589832
"region","region",130,0.00018869978589832
"score","score",130,0.00018869978589832
"thinks","thinks",130,0.00018869978589832
"tip","tip",130,0.00018869978589832
"towards","towards",130,0.00018869978589832
"victory","victory",130,0.00018869978589832
"worry","worry",130,0.00018869978589832
"christ","christ",129,0.000187248249083717
"creative","creative",129,0.000187248249083717
"discussion","discussion",129,0.000187248249083717
"greater","greater",129,0.000187248249083717
"hill","hill",129,0.000187248249083717
"jones","jones",129,0.000187248249083717
"london","london",129,0.000187248249083717
"match","match",129,0.000187248249083717
"physical","physical",129,0.000187248249083717
"sides","sides",129,0.000187248249083717
"skills","skills",129,0.000187248249083717
"vegas","vegas",129,0.000187248249083717
"approach","approach",128,0.000185796712269115
"coast","coast",128,0.000185796712269115
"corner","corner",128,0.000185796712269115
"ends","ends",128,0.000185796712269115
"everyday","everyday",128,0.000185796712269115
"fantastic","fantastic",128,0.000185796712269115
"forced","forced",128,0.000185796712269115
"largest","largest",128,0.000185796712269115
"laugh","laugh",128,0.000185796712269115
"plant","plant",128,0.000185796712269115
"pool","pool",128,0.000185796712269115
"resources","resources",128,0.000185796712269115
"army","army",127,0.000184345175454512
"championship","championship",127,0.000184345175454512
"conversation","conversation",127,0.000184345175454512
"cuts","cuts",127,0.000184345175454512
"flowers","flowers",127,0.000184345175454512
"owners","owners",127,0.000184345175454512
"protect","protect",127,0.000184345175454512
"pulled","pulled",127,0.000184345175454512
"skin","skin",127,0.000184345175454512
"source","source",127,0.000184345175454512
"accept","accept",126,0.00018289363863991
"butter","butter",126,0.00018289363863991
"episode","episode",126,0.00018289363863991
"filed","filed",126,0.00018289363863991
"leadership","leadership",126,0.00018289363863991
"shouldnt","shouldnt",126,0.00018289363863991
"stick","stick",126,0.00018289363863991
"thus","thus",126,0.00018289363863991
"arrested","arrested",125,0.000181442101825308
"august","august",125,0.000181442101825308
"bunch","bunch",125,0.000181442101825308
"chinese","chinese",125,0.000181442101825308
"culture","culture",125,0.000181442101825308
"films","films",125,0.000181442101825308
"foundation","foundation",125,0.000181442101825308
"mobile","mobile",125,0.000181442101825308
"provided","provided",125,0.000181442101825308
"williams","williams",125,0.000181442101825308
"willing","willing",125,0.000181442101825308
"writers","writers",125,0.000181442101825308
"bringing","bringing",124,0.000179990565010705
"designed","designed",124,0.000179990565010705
"digital","digital",124,0.000179990565010705
"edge","edge",124,0.000179990565010705
"efforts","efforts",124,0.000179990565010705
"february","february",124,0.000179990565010705
"gotten","gotten",124,0.000179990565010705
"likes","likes",124,0.000179990565010705
"parking","parking",124,0.000179990565010705
"rates","rates",124,0.000179990565010705
"returned","returned",124,0.000179990565010705
"surprised","surprised",124,0.000179990565010705
"yea","yea",124,0.000179990565010705
"bridge","bridge",123,0.000178539028196103
"cities","cities",123,0.000178539028196103
"powerful","powerful",123,0.000178539028196103
"talent","talent",123,0.000178539028196103
"web","web",123,0.000178539028196103
"wide","wide",123,0.000178539028196103
"appeared","appeared",122,0.0001770874913815
"becoming","becoming",122,0.0001770874913815
"christian","christian",122,0.0001770874913815
"closer","closer",122,0.0001770874913815
"cry","cry",122,0.0001770874913815
"easter","easter",122,0.0001770874913815
"fly","fly",122,0.0001770874913815
"happening","happening",122,0.0001770874913815
"nobody","nobody",122,0.0001770874913815
"soft","soft",122,0.0001770874913815
"stores","stores",122,0.0001770874913815
"anybody","anybody",121,0.000175635954566898
"attempt","attempt",121,0.000175635954566898
"avenue","avenue",121,0.000175635954566898
"bigger","bigger",121,0.000175635954566898
"bout","bout",121,0.000175635954566898
"dropped","dropped",121,0.000175635954566898
"golden","golden",121,0.000175635954566898
"inspired","inspired",121,0.000175635954566898
"joined","joined",121,0.000175635954566898
"martin","martin",121,0.000175635954566898
"miller","miller",121,0.000175635954566898
"ppl","ppl",121,0.000175635954566898
"bet","bet",120,0.000174184417752295
"brand","brand",120,0.000174184417752295
"doctor","doctor",120,0.000174184417752295
"forgot","forgot",120,0.000174184417752295
"iphone","iphone",120,0.000174184417752295
"ladies","ladies",120,0.000174184417752295
"levels","levels",120,0.000174184417752295
"milk","milk",120,0.000174184417752295
"possibly","possibly",120,0.000174184417752295
"shut","shut",120,0.000174184417752295
"spokesman","spokesman",120,0.000174184417752295
"tournament","tournament",120,0.000174184417752295
"treatment","treatment",120,0.000174184417752295
"arts","arts",119,0.000172732880937693
"cell","cell",119,0.000172732880937693
"claim","claim",119,0.000172732880937693
"creating","creating",119,0.000172732880937693
"driver","driver",119,0.000172732880937693
"eggs","eggs",119,0.000172732880937693
"killing","killing",119,0.000172732880937693
"quiet","quiet",119,0.000172732880937693
"seconds","seconds",119,0.000172732880937693
"unfortunately","unfortunately",119,0.000172732880937693
"airport","airport",118,0.00017128134412309
"background","background",118,0.00017128134412309
"begins","begins",118,0.00017128134412309
"commercial","commercial",118,0.00017128134412309
"debate","debate",118,0.00017128134412309
"exercise","exercise",118,0.00017128134412309
"feature","feature",118,0.00017128134412309
"female","female",118,0.00017128134412309
"gods","gods",118,0.00017128134412309
"golf","golf",118,0.00017128134412309
"gorgeous","gorgeous",118,0.00017128134412309
"hang","hang",118,0.00017128134412309
"keeps","keeps",118,0.00017128134412309
"mile","mile",118,0.00017128134412309
"millions","millions",118,0.00017128134412309
"seasons","seasons",118,0.00017128134412309
"seeking","seeking",118,0.00017128134412309
"degree","degree",117,0.000169829807308488
"everywhere","everywhere",117,0.000169829807308488
"freedom","freedom",117,0.000169829807308488
"investigation","investigation",117,0.000169829807308488
"joy","joy",117,0.000169829807308488
"jump","jump",117,0.000169829807308488
"october","october",117,0.000169829807308488
"republicans","republicans",117,0.000169829807308488
"showing","showing",117,0.000169829807308488
"somehow","somehow",117,0.000169829807308488
"understanding","understanding",117,0.000169829807308488
"western","western",117,0.000169829807308488
"administration","administration",116,0.000168378270493885
"appear","appear",116,0.000168378270493885
"balance","balance",116,0.000168378270493885
"breaking","breaking",116,0.000168378270493885
"china","china",116,0.000168378270493885
"covered","covered",116,0.000168378270493885
"jim","jim",116,0.000168378270493885
"lights","lights",116,0.000168378270493885
"matt","matt",116,0.000168378270493885
"movement","movement",116,0.000168378270493885
"schedule","schedule",116,0.000168378270493885
"scheduled","scheduled",116,0.000168378270493885
"specific","specific",116,0.000168378270493885
"studio","studio",116,0.000168378270493885
"alive","alive",115,0.000166926733679283
"bills","bills",115,0.000166926733679283
"competition","competition",115,0.000166926733679283
"continues","continues",115,0.000166926733679283
"fighting","fighting",115,0.000166926733679283
"fill","fill",115,0.000166926733679283
"handle","handle",115,0.000166926733679283
"income","income",115,0.000166926733679283
"nations","nations",115,0.000166926733679283
"paying","paying",115,0.000166926733679283
"revenue","revenue",115,0.000166926733679283
"rise","rise",115,0.000166926733679283
"rule","rule",115,0.000166926733679283
"staying","staying",115,0.000166926733679283
"teaching","teaching",115,0.000166926733679283
"traditional","traditional",115,0.000166926733679283
"becomes","becomes",114,0.00016547519686468
"cast","cast",114,0.00016547519686468
"democrats","democrats",114,0.00016547519686468
"enter","enter",114,0.00016547519686468
"famous","famous",114,0.00016547519686468
"hanging","hanging",114,0.00016547519686468
"honor","honor",114,0.00016547519686468
"inspiration","inspiration",114,0.00016547519686468
"location","location",114,0.00016547519686468
"meanwhile","meanwhile",114,0.00016547519686468
"progress","progress",114,0.00016547519686468
"purchase","purchase",114,0.00016547519686468
"speed","speed",114,0.00016547519686468
"tim","tim",114,0.00016547519686468
"vehicle","vehicle",114,0.00016547519686468
"businesses","businesses",113,0.000164023660050078
"camera","camera",113,0.000164023660050078
"changing","changing",113,0.000164023660050078
"charles","charles",113,0.000164023660050078
"contest","contest",113,0.000164023660050078
"detroit","detroit",113,0.000164023660050078
"grade","grade",113,0.000164023660050078
"injury","injury",113,0.000164023660050078
"kevin","kevin",113,0.000164023660050078
"miami","miami",113,0.000164023660050078
"peoples","peoples",113,0.000164023660050078
"prison","prison",113,0.000164023660050078
"spirit","spirit",113,0.000164023660050078
"unique","unique",113,0.000164023660050078
"usual","usual",113,0.000164023660050078
"wind","wind",113,0.000164023660050078
"features","features",112,0.000162572123235476
"fellow","fellow",112,0.000162572123235476
"gov","gov",112,0.000162572123235476
"managed","managed",112,0.000162572123235476
"multiple","multiple",112,0.000162572123235476
"peter","peter",112,0.000162572123235476
"related","related",112,0.000162572123235476
"screen","screen",112,0.000162572123235476
"shall","shall",112,0.000162572123235476
"yay","yay",112,0.000162572123235476
"brings","brings",111,0.000161120586420873
"laws","laws",111,0.000161120586420873
"lie","lie",111,0.000161120586420873
"mary","mary",111,0.000161120586420873
"reached","reached",111,0.000161120586420873
"rice","rice",111,0.000161120586420873
"selling","selling",111,0.000161120586420873
"theme","theme",111,0.000161120586420873
"birth","birth",110,0.000159669049606271
"colors","colors",110,0.000159669049606271
"cuz","cuz",110,0.000159669049606271
"democratic","democratic",110,0.000159669049606271
"global","global",110,0.000159669049606271
"jackson","jackson",110,0.000159669049606271
"pressure","pressure",110,0.000159669049606271
"status","status",110,0.000159669049606271
"strength","strength",110,0.000159669049606271
"tears","tears",110,0.000159669049606271
"therefore","therefore",110,0.000159669049606271
"thousands","thousands",110,0.000159669049606271
"truck","truck",110,0.000159669049606271
"youth","youth",110,0.000159669049606271
"association","association",109,0.000158217512791668
"basic","basic",109,0.000158217512791668
"bear","bear",109,0.000158217512791668
"blues","blues",109,0.000158217512791668
"countries","countries",109,0.000158217512791668
"hitting","hitting",109,0.000158217512791668
"images","images",109,0.000158217512791668
"improve","improve",109,0.000158217512791668
"posts","posts",109,0.000158217512791668
"teach","teach",109,0.000158217512791668
"awards","awards",108,0.000156765975977066
"damage","damage",108,0.000156765975977066
"dangerous","dangerous",108,0.000156765975977066
"era","era",108,0.000156765975977066
"fund","fund",108,0.000156765975977066
"funds","funds",108,0.000156765975977066
"knowledge","knowledge",108,0.000156765975977066
"measure","measure",108,0.000156765975977066
"salad","salad",108,0.000156765975977066
"section","section",108,0.000156765975977066
"sing","sing",108,0.000156765975977066
"tiny","tiny",108,0.000156765975977066
"writer","writer",108,0.000156765975977066
"attend","attend",107,0.000155314439162463
"beauty","beauty",107,0.000155314439162463
"brothers","brothers",107,0.000155314439162463
"christie","christie",107,0.000155314439162463
"clients","clients",107,0.000155314439162463
"disease","disease",107,0.000155314439162463
"division","division",107,0.000155314439162463
"drew","drew",107,0.000155314439162463
"fully","fully",107,0.000155314439162463
"noted","noted",107,0.000155314439162463
"offering","offering",107,0.000155314439162463
"produce","produce",107,0.000155314439162463
"published","published",107,0.000155314439162463
"seek","seek",107,0.000155314439162463
"soup","soup",107,0.000155314439162463
"storm","storm",107,0.000155314439162463
"uses","uses",107,0.000155314439162463
"wondering","wondering",107,0.000155314439162463
"activity","activity",106,0.000153862902347861
"assistant","assistant",106,0.000153862902347861
"civil","civil",106,0.000153862902347861
"cutting","cutting",106,0.000153862902347861
"defensive","defensive",106,0.000153862902347861
"estate","estate",106,0.000153862902347861
"feed","feed",106,0.000153862902347861
"highly","highly",106,0.000153862902347861
"joke","joke",106,0.000153862902347861
"murder","murder",106,0.000153862902347861
"playoffs","playoffs",106,0.000153862902347861
"prepared","prepared",106,0.000153862902347861
"random","random",106,0.000153862902347861
"remaining","remaining",106,0.000153862902347861
"ring","ring",106,0.000153862902347861
"shirt","shirt",106,0.000153862902347861
"slightly","slightly",106,0.000153862902347861
"streets","streets",106,0.000153862902347861
"taught","taught",106,0.000153862902347861
"taylor","taylor",106,0.000153862902347861
"alcohol","alcohol",105,0.000152411365533258
"anniversary","anniversary",105,0.000152411365533258
"appears","appears",105,0.000152411365533258
"approved","approved",105,0.000152411365533258
"authority","authority",105,0.000152411365533258
"banks","banks",105,0.000152411365533258
"believed","believed",105,0.000152411365533258
"compared","compared",105,0.000152411365533258
"placed","placed",105,0.000152411365533258
"sauce","sauce",105,0.000152411365533258
"september","september",105,0.000152411365533258
"terrible","terrible",105,0.000152411365533258
"update","update",105,0.000152411365533258
"views","views",105,0.000152411365533258
"anywhere","anywhere",104,0.000150959828718656
"bond","bond",104,0.000150959828718656
"bored","bored",104,0.000150959828718656
"capital","capital",104,0.000150959828718656
"century","century",104,0.000150959828718656
"concerned","concerned",104,0.000150959828718656
"decisions","decisions",104,0.000150959828718656
"described","described",104,0.000150959828718656
"meaning","meaning",104,0.000150959828718656
"memory","memory",104,0.000150959828718656
"restaurants","restaurants",104,0.000150959828718656
"talks","talks",104,0.000150959828718656
"animals","animals",103,0.000149508291904053
"baltimore","baltimore",103,0.000149508291904053
"blow","blow",103,0.000149508291904053
"british","british",103,0.000149508291904053
"citys","citys",103,0.000149508291904053
"foreign","foreign",103,0.000149508291904053
"governor","governor",103,0.000149508291904053
"magazine","magazine",103,0.000149508291904053
"nigga","nigga",103,0.000149508291904053
"options","options",103,0.000149508291904053
"row","row",103,0.000149508291904053
"serving","serving",103,0.000149508291904053
"shape","shape",103,0.000149508291904053
"standard","standard",103,0.000149508291904053
"actual","actual",102,0.000148056755089451
"admit","admit",102,0.000148056755089451
"adults","adults",102,0.000148056755089451
"agent","agent",102,0.000148056755089451
"apartment","apartment",102,0.000148056755089451
"arms","arms",102,0.000148056755089451
"bike","bike",102,0.000148056755089451
"criminal","criminal",102,0.000148056755089451
"grown","grown",102,0.000148056755089451
"incident","incident",102,0.000148056755089451
"parties","parties",102,0.000148056755089451
"primary","primary",102,0.000148056755089451
"purpose","purpose",102,0.000148056755089451
"sending","sending",102,0.000148056755089451
"signs","signs",102,0.000148056755089451
"windows","windows",102,0.000148056755089451
"ages","ages",101,0.000146605218274848
"allowing","allowing",101,0.000146605218274848
"code","code",101,0.000146605218274848
"complex","complex",101,0.000146605218274848
"confidence","confidence",101,0.000146605218274848
"davis","davis",101,0.000146605218274848
"decades","decades",101,0.000146605218274848
"diego","diego",101,0.000146605218274848
"europe","europe",101,0.000146605218274848
"feelings","feelings",101,0.000146605218274848
"gifts","gifts",101,0.000146605218274848
"guests","guests",101,0.000146605218274848
"guilty","guilty",101,0.000146605218274848
"gym","gym",101,0.000146605218274848
"meat","meat",101,0.000146605218274848
"mission","mission",101,0.000146605218274848
"pray","pray",101,0.000146605218274848
"prize","prize",101,0.000146605218274848
"separate","separate",101,0.000146605218274848
"smoke","smoke",101,0.000146605218274848
"tho","tho",101,0.000146605218274848
"thx","thx",101,0.000146605218274848
"tweeting","tweeting",101,0.000146605218274848
"worlds","worlds",101,0.000146605218274848
"younger","younger",101,0.000146605218274848
"acting","acting",100,0.000145153681460246
"afraid","afraid",100,0.000145153681460246
"agreement","agreement",100,0.000145153681460246
"blessed","blessed",100,0.000145153681460246
"campus","campus",100,0.000145153681460246
"childrens","childrens",100,0.000145153681460246
"choices","choices",100,0.000145153681460246
"committed","committed",100,0.000145153681460246
"corporate","corporate",100,0.000145153681460246
"empty","empty",100,0.000145153681460246
"environment","environment",100,0.000145153681460246
"european","european",100,0.000145153681460246
"extremely","extremely",100,0.000145153681460246
"journey","journey",100,0.000145153681460246
"literally","literally",100,0.000145153681460246
"male","male",100,0.000145153681460246
"mentioned","mentioned",100,0.000145153681460246
"panel","panel",100,0.000145153681460246
"perfectly","perfectly",100,0.000145153681460246
"pleasure","pleasure",100,0.000145153681460246
"remove","remove",100,0.000145153681460246
"require","require",100,0.000145153681460246
"sexy","sexy",100,0.000145153681460246
"spoke","spoke",100,0.000145153681460246
"surgery","surgery",100,0.000145153681460246
"ticket","ticket",100,0.000145153681460246
"crew","crew",99,0.000143702144645644
"desire","desire",99,0.000143702144645644
"falling","falling",99,0.000143702144645644
"hundreds","hundreds",99,0.000143702144645644
"investment","investment",99,0.000143702144645644
"lately","lately",99,0.000143702144645644
"plate","plate",99,0.000143702144645644
"population","population",99,0.000143702144645644
"pot","pot",99,0.000143702144645644
"professor","professor",99,0.000143702144645644
"rep","rep",99,0.000143702144645644
"route","route",99,0.000143702144645644
"seattle","seattle",99,0.000143702144645644
"television","television",99,0.000143702144645644
"tony","tony",99,0.000143702144645644
"activities","activities",98,0.000142250607831041
"advantage","advantage",98,0.000142250607831041
"aside","aside",98,0.000142250607831041
"ate","ate",98,0.000142250607831041
"colorado","colorado",98,0.000142250607831041
"comfortable","comfortable",98,0.000142250607831041
"directly","directly",98,0.000142250607831041
"discovered","discovered",98,0.000142250607831041
"districts","districts",98,0.000142250607831041
"ending","ending",98,0.000142250607831041
"expensive","expensive",98,0.000142250607831041
"loud","loud",98,0.000142250607831041
"majority","majority",98,0.000142250607831041
"master","master",98,0.000142250607831041
"material","material",98,0.000142250607831041
"protection","protection",98,0.000142250607831041
"reduce","reduce",98,0.000142250607831041
"sites","sites",98,0.000142250607831041
"slowly","slowly",98,0.000142250607831041
"speech","speech",98,0.000142250607831041
"vacation","vacation",98,0.000142250607831041
"advance","advance",97,0.000140799071016439
"circle","circle",97,0.000140799071016439
"dan","dan",97,0.000140799071016439
"denver","denver",97,0.000140799071016439
"environmental","environmental",97,0.000140799071016439
"faces","faces",97,0.000140799071016439
"frank","frank",97,0.000140799071016439
"gop","gop",97,0.000140799071016439
"honest","honest",97,0.000140799071016439
"housing","housing",97,0.000140799071016439
"increased","increased",97,0.000140799071016439
"initial","initial",97,0.000140799071016439
"negative","negative",97,0.000140799071016439
"pack","pack",97,0.000140799071016439
"paint","paint",97,0.000140799071016439
"richard","richard",97,0.000140799071016439
"shout","shout",97,0.000140799071016439
"smaller","smaller",97,0.000140799071016439
"smell","smell",97,0.000140799071016439
"sucks","sucks",97,0.000140799071016439
"target","target",97,0.000140799071016439
"ugly","ugly",97,0.000140799071016439
"allows","allows",96,0.000139347534201836
"blame","blame",96,0.000139347534201836
"chose","chose",96,0.000139347534201836
"degrees","degrees",96,0.000139347534201836
"giant","giant",96,0.000139347534201836
"honestly","honestly",96,0.000139347534201836
"obvious","obvious",96,0.000139347534201836
"pepper","pepper",96,0.000139347534201836
"perform","perform",96,0.000139347534201836
"presence","presence",96,0.000139347534201836
"quote","quote",96,0.000139347534201836
"responsible","responsible",96,0.000139347534201836
"rick","rick",96,0.000139347534201836
"solid","solid",96,0.000139347534201836
"southern","southern",96,0.000139347534201836
"strange","strange",96,0.000139347534201836
"suit","suit",96,0.000139347534201836
"theater","theater",96,0.000139347534201836
"tied","tied",96,0.000139347534201836
"tips","tips",96,0.000139347534201836
"variety","variety",96,0.000139347534201836
"wit","wit",96,0.000139347534201836
"accident","accident",95,0.000137895997387234
"arm","arm",95,0.000137895997387234
"channel","channel",95,0.000137895997387234
"comedy","comedy",95,0.000137895997387234
"completed","completed",95,0.000137895997387234
"discuss","discuss",95,0.000137895997387234
"drama","drama",95,0.000137895997387234
"earned","earned",95,0.000137895997387234
"fabulous","fabulous",95,0.000137895997387234
"jan","jan",95,0.000137895997387234
"labor","labor",95,0.000137895997387234
"moon","moon",95,0.000137895997387234
"passing","passing",95,0.000137895997387234
"puts","puts",95,0.000137895997387234
"studies","studies",95,0.000137895997387234
"violence","violence",95,0.000137895997387234
"worried","worried",95,0.000137895997387234
"caused","caused",94,0.000136444460572631
"feb","feb",94,0.000136444460572631
"fix","fix",94,0.000136444460572631
"grace","grace",94,0.000136444460572631
"hilarious","hilarious",94,0.000136444460572631
"incredible","incredible",94,0.000136444460572631
"neither","neither",94,0.000136444460572631
"pitch","pitch",94,0.000136444460572631
"thanksgiving","thanksgiving",94,0.000136444460572631
"visiting","visiting",94,0.000136444460572631
"babies","babies",93,0.000134992923758029
"familiar","familiar",93,0.000134992923758029
"hopes","hopes",93,0.000134992923758029
"partner","partner",93,0.000134992923758029
"phoenix","phoenix",93,0.000134992923758029
"pic","pic",93,0.000134992923758029
"santa","santa",93,0.000134992923758029
"scared","scared",93,0.000134992923758029
"sept","sept",93,0.000134992923758029
"sources","sources",93,0.000134992923758029
"standards","standards",93,0.000134992923758029
"stayed","stayed",93,0.000134992923758029
"videos","videos",93,0.000134992923758029
"active","active",92,0.000133541386943426
"atlanta","atlanta",92,0.000133541386943426
"boyfriend","boyfriend",92,0.000133541386943426
"considering","considering",92,0.000133541386943426
"enforcement","enforcement",92,0.000133541386943426
"lee","lee",92,0.000133541386943426
"passion","passion",92,0.000133541386943426
"prosecutors","prosecutors",92,0.000133541386943426
"recommend","recommend",92,0.000133541386943426
"responsibility","responsibility",92,0.000133541386943426
"til","til",92,0.000133541386943426
"yep","yep",92,0.000133541386943426
"barely","barely",91,0.000132089850128824
"breath","breath",91,0.000132089850128824
"concerns","concerns",91,0.000132089850128824
"consumers","consumers",91,0.000132089850128824
"doors","doors",91,0.000132089850128824
"emergency","emergency",91,0.000132089850128824
"figured","figured",91,0.000132089850128824
"hearts","hearts",91,0.000132089850128824
"letting","letting",91,0.000132089850128824
"matters","matters",91,0.000132089850128824
"memories","memories",91,0.000132089850128824
"moves","moves",91,0.000132089850128824
"provides","provides",91,0.000132089850128824
"retired","retired",91,0.000132089850128824
"suggest","suggest",91,0.000132089850128824
"associated","associated",90,0.000130638313314221
"basically","basically",90,0.000130638313314221
"brilliant","brilliant",90,0.000130638313314221
"citizens","citizens",90,0.000130638313314221
"fingers","fingers",90,0.000130638313314221
"generally","generally",90,0.000130638313314221
"independent","independent",90,0.000130638313314221
"legislation","legislation",90,0.000130638313314221
"moms","moms",90,0.000130638313314221
"previously","previously",90,0.000130638313314221
"proposal","proposal",90,0.000130638313314221
"tight","tight",90,0.000130638313314221
"whenever","whenever",90,0.000130638313314221
"william","william",90,0.000130638313314221
"accused","accused",89,0.000129186776499619
"aware","aware",89,0.000129186776499619
"besides","besides",89,0.000129186776499619
"closing","closing",89,0.000129186776499619
"congratulations","congratulations",89,0.000129186776499619
"direct","direct",89,0.000129186776499619
"entered","entered",89,0.000129186776499619
"failure","failure",89,0.000129186776499619
"hungry","hungry",89,0.000129186776499619
"lawyer","lawyer",89,0.000129186776499619
"pro","pro",89,0.000129186776499619
"produced","produced",89,0.000129186776499619
"rare","rare",89,0.000129186776499619
"stands","stands",89,0.000129186776499619
"strategy","strategy",89,0.000129186776499619
"suck","suck",89,0.000129186776499619
"woke","woke",89,0.000129186776499619
"fifth","fifth",88,0.000127735239685017
"highest","highest",88,0.000127735239685017
"opportunities","opportunities",88,0.000127735239685017
"struck","struck",88,0.000127735239685017
"determined","determined",87,0.000126283702870414
"developed","developed",87,0.000126283702870414
"focused","focused",87,0.000126283702870414
"request","request",87,0.000126283702870414
"decade","decade",86,0.000124832166055812
